,mpsini1,a1,musini1,mpsini2,a2,musini2,mpsini3,a3,musini3,mpsini4,a4,musini4,mpsini5,a5,musini5,mpsini6,a6,musini6
0.159,5.049804984321353,0.04687027013659773,1.808372507429109e-05,8.057499483795239,0.05778506577342874,2.8995069255542198e-05,2.3393423220553844,0.1245046596276994,8.268573189429036e-06,9.715154299792992,0.1997541938260018,3.476549325823704e-05,21.564561232447844,0.3653637803070626,7.7627567676412e-05,0.9518429967063421,0.27014831552178464,3.38368540775734e-06
0.5,6.484955328110479,0.04929432180596148,2.292210220519414e-05,9.83000093422963,0.06077362356343308,3.4660417143361774e-05,4.543581066240527,0.13094379182313182,1.6078901679208177e-05,12.796701086246586,0.2100847707575328,4.524830110372105e-05,26.414540313522604,0.384259747912441,9.310110900347645e-05,3.0047094873293676,0.28412075776322804,1.0604620584989239e-05
0.841,8.019177117465867,0.05146665229940371,2.7868977438761956e-05,11.709041038723734,0.06345170601703742,4.05188977292181e-05,6.929942258435632,0.136714162729902,2.429781848601833e-05,16.10826776111474,0.21934141332292456,5.6141794945939326e-05,31.537320725184735,0.4011914526298227,0.00010904298096095245,6.00138564276783,0.29663963564350254,2.117318275352145e-05
