,mpsini1,a1,musini1,mpsini2,a2,musini2,mpsini3,a3,musini3,mpsini4,a4,musini4,mpsini5,a5,musini5,mpsini6,a6,musini6
0.159,5.046955392757982,0.046872998775231,1.8120437297322725e-05,7.912947462384135,0.05778845536969449,2.8500714874504663e-05,2.2997284586459346,0.12451182364861006,8.199194872451105e-06,9.275670038252816,0.19976494672647982,3.318863924499201e-05,21.961215279624422,0.36538411035551416,7.909192505998255e-05,5.6178232150890274e-08,0.15771241559345245,1.9617798330661478e-13
0.5,6.516450492533471,0.049294152245592915,2.2997299472262652e-05,9.685487461680301,0.06077338932436675,3.42024388392248e-05,4.526701395674981,0.13094395693461441,1.6030982880944288e-05,12.430397442280427,0.21008392813910198,4.390006483487069e-05,26.948178378301524,0.38425761674518355,9.513184227404769e-05,0.0002484896832176352,0.16585908192347046,8.720592931921197e-10
0.841,8.073600371877392,0.051477060677665235,2.8056957205830665e-05,11.577925063868447,0.06346450055965489,4.006792554803113e-05,6.9584454704649294,0.13674171348982078,2.43780676003015e-05,15.765495142730094,0.21938628988143496,5.488577095756134e-05,32.21481120335562,0.40127308613666,0.00011136074983509365,0.27383127651279243,0.17320362226324232,9.712318797036252e-07
