,k1,k2,k3,k4,k5,dvdt,gamma_j,jit_j,lnprobability
0.159,2.262989358340584,3.225642692563051,0.6426749068579035,2.014789011534445,3.5483532472352506,-0.007362886881920008,0.7707979235082165,3.4696564098598768,-220.63691408599828
0.5,2.855036249362665,3.830937961268689,1.2296311150717567,2.6482133476900773,4.220248141741382,-0.0050238395075642,1.6733183203316249,3.785594933626041,-218.35843946550895
0.841,3.4374180222598003,4.4272654083405,1.8470729581099625,3.273605212392024,4.888843434287465,-0.0027245500420933462,2.5559549484337607,4.138493037248223,-216.75039980940306
