,mpsini1,a1,musini1,mpsini2,a2,musini2,mpsini3,a3,musini3,mpsini4,a4,musini4,mpsini5,a5,musini5,mpsini6,a6,musini6
0.159,4.997288663255493,0.046890843218042384,1.7908031566443106e-05,8.15049391897399,0.05781035642881345,2.9324865583973183e-05,2.7510005416538417,0.12455965840017362,9.770462910239234e-06,9.02110188809326,0.19984159408561034,3.224862239823496e-05,22.258922239280448,0.36552374501778306,7.997252545857875e-05,0.6087271783504303,0.0848593852990878,2.1593754332583977e-06
0.5,6.402603606234196,0.04930195170310793,2.2612159916222493e-05,9.907989540017425,0.060783052916055944,3.4950704184290925e-05,5.012848621804839,0.13096458086037657,1.7742957249229177e-05,12.104245255932554,0.2101165925592029,4.269471519715143e-05,27.092937307805222,0.3843213798458513,9.532610913935351e-05,1.8433865145575021,0.0892230760780638,6.54121392287822e-06
0.841,7.921870346897935,0.051505162131920745,2.746878007243588e-05,11.786265488664192,0.06349926800612697,4.0684273936408054e-05,7.479156728053815,0.13681700348242262,2.611605217103162e-05,15.481120045845897,0.21950698443839764,5.382740970482835e-05,32.229036222568595,0.40149221874117086,0.00011133362503913187,3.519305911084565,0.09321015625896599,1.2329357931715864e-05
