,mpsini1,a1,musini1,mpsini2,a2,musini2,mpsini3,a3,musini3,mpsini4,a4,musini4,mpsini5,a5,musini5,mpsini6,a6,musini6
0.159,6.767599113121956,0.046895219349813555,2.434610389726817e-05,7.323766504268998,0.0578156583053256,2.6335358901145664e-05,2.4950096338663124,0.12457093411240525,8.87973325954086e-06,12.423884856062946,0.19986069607698895,4.4647851589696846e-05,23.13438859130256,0.365558471356918,8.322816510982716e-05,0.3191196737804915,0.2702912574327934,1.1275809045885278e-06
0.5,8.31219355757025,0.04928340993967265,2.9338409809011632e-05,8.929931167953871,0.06076002899192514,3.1512452555567544e-05,4.811801855694446,0.13091489377227644,1.703847046240121e-05,15.353961841759034,0.21003843559065194,5.4219532887951746e-05,28.02203103066703,0.3841734860396296,9.884103123852832e-05,1.2139939404417477,0.28405636125717826,4.277370987781687e-06
0.841,9.939824734585889,0.05147787417571281,3.4355253021051396e-05,10.634398813227177,0.06346547616011385,3.679152924575441e-05,7.206565945150558,0.13674386559248178,2.520722462275081e-05,18.511238517626442,0.2193902937591391,6.410849477041353e-05,33.255654001852776,0.4012800896966082,0.00011496106050314581,3.2643411054704834,0.29670484630561644,1.1494919253754736e-05
